;0;1
0;0;"{'criterio_de_pesquisa': 'lula', 'frase_original': TextBlob(""@fabiopf08fabio um cara que faz um power point dos quinto da mentira tinha vergonha ? 
viva a @mauramontella , vai‚Ä¶ ""), 'frase_traduzida': TextBlob(""@fabiopf08fabio um cara que faz um power point dos quinto da mentira tinha vergonha ? 
viva a @mauramontella , vai‚Ä¶ ""), 'polaridade': 0.0, 'subjetividade': 0.0}"
1;1;"{'criterio_de_pesquisa': 'lula', 'frase_original': TextBlob(""@oglobopolitica @jairbolsonaro enquanto isso, o lula s√≥ no di√°logo com a europa ""), 'frase_traduzida': TextBlob(""@oglobopolitica @jairbolsonaro enquanto isso, o lula s√≥ no di√°logo com a europa ""), 'polaridade': 0.0, 'subjetividade': 0.0}"
2;2;"{'criterio_de_pesquisa': 'lula', 'frase_original': TextBlob(""@ezequiel_alv1 se tem uma coisa que o lesa p√°tria lula se equiparou ao ditador st√°lin,foi ter criado junto com fide‚Ä¶ ""), 'frase_traduzida': TextBlob(""@ezequiel_alv1 se tem uma coisa que o lesa p√°tria lula se equiparou ao ditador st√°lin,foi ter criado junto com fide‚Ä¶ ""), 'polaridade': 0.0, 'subjetividade': 0.0}"
3;3;"{'criterio_de_pesquisa': 'lula', 'frase_original': TextBlob(""@cnnbrasil datena voc√™ n√£o tem chance alguma de ganhar para presidente 
lula e bolsonaro j√° est√£o no 2¬∞ turnoseha‚Ä¶ ""), 'frase_traduzida': TextBlob(""@cnnbrasil datena voc√™ n√£o tem chance alguma de ganhar para presidente 
lula e bolsonaro j√° est√£o no 2¬∞ turnoseha‚Ä¶ ""), 'polaridade': 0.0, 'subjetividade': 0.0}"
4;4;"{'criterio_de_pesquisa': 'lula', 'frase_original': TextBlob(""@elisaraujo2010 @observotariopig o pavor do  ü§° √© lula ser seu advers√°rio, os outros concorrentes ele comeria com fa‚Ä¶ ""), 'frase_traduzida': TextBlob(""@elisaraujo2010 @observotariopig o pavor do  ü§° √© lula ser seu advers√°rio, os outros concorrentes ele comeria com fa‚Ä¶ ""), 'polaridade': 0.0, 'subjetividade': 0.0}"
5;5;"{'criterio_de_pesquisa': 'lula', 'frase_original': TextBlob(""@carloscezarcjr @geracaodevalor @arisansouza popula√ß√£o que elegeu dilma e lula kkkƒ∑kkk
f√°cil essa
brasileiro, que‚Ä¶ ""), 'frase_traduzida': TextBlob(""@carloscezarcjr @geracaodevalor @arisansouza popula√ß√£o que elegeu dilma e lula kkkƒ∑kkk
f√°cil essa
brasileiro, que‚Ä¶ ""), 'polaridade': 0.0, 'subjetividade': 0.0}"
6;6;"{'criterio_de_pesquisa': 'lula', 'frase_original': TextBlob(""@deputadofederal muita, muita podrid√£o! quando lula assumir em 2023, revoga esses atos esp√∫rios e o povo vai conhec‚Ä¶ ""), 'frase_traduzida': TextBlob(""@deputadofederal muita, muita podrid√£o! quando lula assumir em 2023, revoga esses atos esp√∫rios e o povo vai conhec‚Ä¶ ""), 'polaridade': 0.0, 'subjetividade': 0.0}"
7;7;"{'criterio_de_pesquisa': 'lula', 'frase_original': TextBlob(""o stf inocentou lula,tornou lula eleg√≠vel,como na pol√≠tica brasileira,nada e feito de gra√ßa,quanto n√£o deve ter sido o valor da fatura,""), 'frase_traduzida': TextBlob(""o stf inocentou lula,tornou lula eleg√≠vel,como na pol√≠tica brasileira,nada e feito de gra√ßa,quanto n√£o deve ter sido o valor da fatura,""), 'polaridade': 0.0, 'subjetividade': 0.0}"
8;8;"{'criterio_de_pesquisa': 'lula', 'frase_original': TextBlob(""@veramariams barroso e lula s√£o comparsas""), 'frase_traduzida': TextBlob(""@veramariams barroso e lula s√£o comparsas""), 'polaridade': 0.0, 'subjetividade': 0.0}"
9;9;"{'criterio_de_pesquisa': 'lula', 'frase_original': TextBlob(""@thayna_lmf kkkkk acho melhor esse ciro procurar outras formas de tentar ganhar uma elei√ß√£o, s√≥ atacar o lula n vai dar n kkkkk""), 'frase_traduzida': TextBlob(""@thayna_lmf kkkkk acho melhor esse ciro procurar outras formas de tentar ganhar uma elei√ß√£o, s√≥ atacar o lula n vai dar n kkkkk""), 'polaridade': 0.0, 'subjetividade': 0.0}"
10;10;"{'criterio_de_pesquisa': 'lula', 'frase_original': TextBlob(""impresso e audit√°vel! s√≥ que confia no instituto lula √© o pt e o psdb! 

""), 'frase_traduzida': TextBlob(""impresso e audit√°vel! s√≥ que confia no instituto lula √© o pt e o psdb! 

""), 'polaridade': 0.0, 'subjetividade': 0.0}"
11;11;"{'criterio_de_pesquisa': 'lula', 'frase_original': TextBlob(""n√£o tenho uma camisa vermelha do pt/lula gente que esp√©cie de petista da desgra√ßa eu sou???""), 'frase_traduzida': TextBlob(""n√£o tenho uma camisa vermelha do pt/lula gente que esp√©cie de petista da desgra√ßa eu sou???""), 'polaridade': 0.0, 'subjetividade': 0.0}"
12;12;"{'criterio_de_pesquisa': 'lula', 'frase_original': TextBlob(""@toniohvski @o_antagonista quem tenta comprar imprensa √© o bozo, vide sikeira jr, entre outros, disse que ia acabar‚Ä¶ ""), 'frase_traduzida': TextBlob(""@toniohvski @o_antagonista quem tenta comprar imprensa √© o bozo, vide sikeira jr, entre outros, disse que ia acabar‚Ä¶ ""), 'polaridade': 0.0, 'subjetividade': 0.0}"
13;13;"{'criterio_de_pesquisa': 'lula', 'frase_original': TextBlob(""eu t√¥ falando, o lula tem foto pra absolutamente qualquer coisa ""), 'frase_traduzida': TextBlob(""eu t√¥ falando, o lula tem foto pra absolutamente qualquer coisa ""), 'polaridade': 0.0, 'subjetividade': 0.0}"
14;14;"{'criterio_de_pesquisa': 'lula', 'frase_original': TextBlob(""@estadao @estadaopolitica enquanto isso, tr√™s chefes de estado (portugal, angola e cabo verde est√£o visitando o br‚Ä¶ ""), 'frase_traduzida': TextBlob(""@estadao @estadaopolitica enquanto isso, tr√™s chefes de estado (portugal, angola e cabo verde est√£o visitando o br‚Ä¶ ""), 'polaridade': 0.0, 'subjetividade': 0.0}"
15;15;"{'criterio_de_pesquisa': 'lula', 'frase_original': TextBlob(""@flavio_raimundo @jdoriajr essa galera que voc√™ defende, como lula, j√° falou tanto mal do nordestino, das mulheres,‚Ä¶ ""), 'frase_traduzida': TextBlob(""@flavio_raimundo @jdoriajr essa galera que voc√™ defende, como lula, j√° falou tanto mal do nordestino, das mulheres,‚Ä¶ ""), 'polaridade': 0.0, 'subjetividade': 0.0}"
16;16;"{'criterio_de_pesquisa': 'lula', 'frase_original': TextBlob(""@leandrog1914 bom dia l√™√™√™üòòü•∞üèãÔ∏è‚õπÔ∏èü§æ

bom dia vermelhindos, em ritmo de olimp√≠adas lula vence todos, aten√ß√£o ao‚Ä¶ ""), 'frase_traduzida': TextBlob(""@leandrog1914 bom dia l√™√™√™üòòü•∞üèãÔ∏è‚õπÔ∏èü§æ

bom dia vermelhindos, em ritmo de olimp√≠adas lula vence todos, aten√ß√£o ao‚Ä¶ ""), 'polaridade': 0.0, 'subjetividade': 0.0}"
17;17;"{'criterio_de_pesquisa': 'lula', 'frase_original': TextBlob(""@fernandobarros cara, fala de esquerda, de progressismo, de social democracia, fale de ideologia, so nao associem i‚Ä¶ ""), 'frase_traduzida': TextBlob(""@fernandobarros cara, fala de esquerda, de progressismo, de social democracia, fale de ideologia, so nao associem i‚Ä¶ ""), 'polaridade': 0.03333333333333333, 'subjetividade': 0.06666666666666667}"
18;18;"{'criterio_de_pesquisa': 'lula', 'frase_original': TextBlob(""datena voc√™ n√£o tem chance alguma de ganhar para presidente 
lula e bolsonaro j√° est√£o no 2¬∞ turnoseha esperto n√†o‚Ä¶ ""), 'frase_traduzida': TextBlob(""datena voc√™ n√£o tem chance alguma de ganhar para presidente 
lula e bolsonaro j√° est√£o no 2¬∞ turnoseha esperto n√†o‚Ä¶ ""), 'polaridade': 0.0, 'subjetividade': 0.0}"
19;19;"{'criterio_de_pesquisa': 'lula', 'frase_original': TextBlob(""reinaugura√ß√£o do @museudalingua contou com presidentes de portugal e cabo verde e lula j√° o presidente do brasil‚Ä¶ ""), 'frase_traduzida': TextBlob(""reinaugura√ß√£o do @museudalingua contou com presidentes de portugal e cabo verde e lula j√° o presidente do brasil‚Ä¶ ""), 'polaridade': 0.0, 'subjetividade': 0.0}"
