0;1
0;"{'criterio_de_pesquisa': 'boxe', 'frase_original': TextBlob(""judo
nata√ß√£o
futsal
krav mag√°

atualmente pulo corda

quero boxe ""), 'frase_traduzida': TextBlob(""judo
nata√ß√£o
futsal
krav mag√°

atualmente pulo corda

quero boxe ""), 'polaridade': 0.0, 'subjetividade': 0.0}"
1;"{'criterio_de_pesquisa': 'boxe', 'frase_original': TextBlob(""gin√°stica, ballet, v√¥lei, nata√ß√£o (at√© competia nesse msm sendo uma ameba futebol (at√© hoje t√™nis de mesa, boxe,‚Ä¶ ""), 'frase_traduzida': TextBlob(""gin√°stica, ballet, v√¥lei, nata√ß√£o (at√© competia nesse msm sendo uma ameba futebol (at√© hoje t√™nis de mesa, boxe,‚Ä¶ ""), 'polaridade': 0.0, 'subjetividade': 0.0}"
2;"{'criterio_de_pesquisa': 'boxe', 'frase_original': TextBlob(""queria fazer um boxe pra descontar minha raiva""), 'frase_traduzida': TextBlob(""queria fazer um boxe pra descontar minha raiva""), 'polaridade': 0.0, 'subjetividade': 0.0}"
3;"{'criterio_de_pesquisa': 'boxe', 'frase_original': TextBlob(""curiosidade do boxe como s√£o dadas duas medalhas de bronze nessa modalidade (como no jud√¥, o wanderson, que est√°‚Ä¶ ""), 'frase_traduzida': TextBlob(""curiosidade do boxe como s√£o dadas duas medalhas de bronze nessa modalidade (como no jud√¥, o wanderson, que est√°‚Ä¶ ""), 'polaridade': 0.0, 'subjetividade': 0.0}"
4;"{'criterio_de_pesquisa': 'boxe', 'frase_original': TextBlob(""@jotamarquesrj futsal, handball, v√¥lei, jiu jitsu, boxe hoje corrida e muscula√ß√£o""), 'frase_traduzida': TextBlob(""@jotamarquesrj futsal, handball, v√¥lei, jiu jitsu, boxe hoje corrida e muscula√ß√£o""), 'polaridade': 0.0, 'subjetividade': 0.0}"
5;"{'criterio_de_pesquisa': 'boxe', 'frase_original': TextBlob(""@eboli_pedro um dos grandes nomes do boxe brasileiro se chamava maguila inclusive totalmente colonizados pela hb""), 'frase_traduzida': TextBlob(""@eboli_pedro um dos grandes nomes do boxe brasileiro se chamava maguila inclusive totalmente colonizados pela hb""), 'polaridade': 0.0, 'subjetividade': 0.0}"
6;"{'criterio_de_pesquisa': 'boxe', 'frase_original': TextBlob(""‚è∞ 05h e 52min
ü§∏‚Äç‚ôÄÔ∏è gin√°stica art√≠stica
üë© rebeca andrade
üìã salto  vale #ouro
üì∫ globo, sportv 2 e bandsports

‚è∞ 06h‚Ä¶ ""), 'frase_traduzida': TextBlob(""‚è∞ 05h e 52min
ü§∏‚Äç‚ôÄÔ∏è gin√°stica art√≠stica
üë© rebeca andrade
üìã salto  vale #ouro
üì∫ globo, sportv 2 e bandsports

‚è∞ 06h‚Ä¶ ""), 'polaridade': 0.0, 'subjetividade': 0.0}"
7;"{'criterio_de_pesquisa': 'boxe', 'frase_original': TextBlob(""@msliperr cuba 2 x 0 brasil no boxe*

abner tbm vai pegar cubano nas semis""), 'frase_traduzida': TextBlob(""@msliperr cuba 2 x 0 brasil no boxe*

abner tbm vai pegar cubano nas semis""), 'polaridade': 0.0, 'subjetividade': 0.0}"
8;"{'criterio_de_pesquisa': 'boxe', 'frase_original': TextBlob(""@juliette boxe parece √≥timo, t√¥ cogitando fazer imagina que maravilha descontar a raiva num saco de pancada üòç""), 'frase_traduzida': TextBlob(""@juliette boxe parece √≥timo, t√¥ cogitando fazer imagina que maravilha descontar a raiva num saco de pancada üòç""), 'polaridade': 0.0, 'subjetividade': 0.0}"
9;"{'criterio_de_pesquisa': 'boxe', 'frase_original': TextBlob(""nata√ß√£o 
futebol
futebol americano 
muay thai
kickboxing
boxe
muscula√ß√£o 
basquete
karat√™ ""), 'frase_traduzida': TextBlob(""nata√ß√£o 
futebol
futebol americano 
muay thai
kickboxing
boxe
muscula√ß√£o 
basquete
karat√™ ""), 'polaridade': 0.0, 'subjetividade': 0.0}"
10;"{'criterio_de_pesquisa': 'boxe', 'frase_original': TextBlob(""@pdrlixo no boxe
cuba 1x0 brasil

na tecnologia
cuba 0x10 brasil

na sa√∫de
cuba 0x10 brasil

na seguran√ßa
cuba‚Ä¶ ""), 'frase_traduzida': TextBlob(""@pdrlixo no boxe
cuba 1x0 brasil

na tecnologia
cuba 0x10 brasil

na sa√∫de
cuba 0x10 brasil

na seguran√ßa
cuba‚Ä¶ ""), 'polaridade': 0.0, 'subjetividade': 0.0}"
11;"{'criterio_de_pesquisa': 'boxe', 'frase_original': TextBlob(""trabalho s√©rio e o boxe ol√≠mpico brasileiro t√° a√≠ pra mostrar sou pai de atletas e sei muito bem como o planejamen‚Ä¶ ""), 'frase_traduzida': TextBlob(""trabalho s√©rio e o boxe ol√≠mpico brasileiro t√° a√≠ pra mostrar sou pai de atletas e sei muito bem como o planejamen‚Ä¶ ""), 'polaridade': 0.0, 'subjetividade': 0.0}"
12;"{'criterio_de_pesquisa': 'boxe', 'frase_original': TextBlob(""3 abner teixeira (boxe  bronze garantido e com chance de ouro e prata
4 herbert sousa, wanderson de oliveira e‚Ä¶ ""), 'frase_traduzida': TextBlob(""3 abner teixeira (boxe  bronze garantido e com chance de ouro e prata
4 herbert sousa, wanderson de oliveira e‚Ä¶ ""), 'polaridade': 0.0, 'subjetividade': 0.0}"
13;"{'criterio_de_pesquisa': 'boxe', 'frase_original': TextBlob(""ü•ä boxe wanderson, brasileiro da categoria pesoleve, passa pelas oitavas e vai pegar o cubano andy cruz no come√ßo‚Ä¶ ""), 'frase_traduzida': TextBlob(""ü•ä boxe wanderson, brasileiro da categoria pesoleve, passa pelas oitavas e vai pegar o cubano andy cruz no come√ßo‚Ä¶ ""), 'polaridade': 0.0, 'subjetividade': 0.0}"
14;"{'criterio_de_pesquisa': 'boxe', 'frase_original': TextBlob(""e digo mais 
[31/07/2021 142638] gabi tenente  imagina meter a porrada em rafaela com luva de boxe
 [31/07/2021‚Ä¶ ""), 'frase_traduzida': TextBlob(""e digo mais 
[31/07/2021 142638] gabi tenente  imagina meter a porrada em rafaela com luva de boxe
 [31/07/2021‚Ä¶ ""), 'polaridade': 0.0, 'subjetividade': 0.0}"
15;"{'criterio_de_pesquisa': 'boxe', 'frase_original': TextBlob(""2h de boxe hoje no frio  totalmente normal""), 'frase_traduzida': TextBlob(""2h de boxe hoje no frio  totalmente normal""), 'polaridade': 0.15, 'subjetividade': 0.6499999999999999}"
16;"{'criterio_de_pesquisa': 'boxe', 'frase_original': TextBlob(""[31/07/2021 141941] rafaela vcs podem me comer na porrada
 [31/07/2021 141951] yanka lopes e eu vou
 [31/07/2‚Ä¶ ""), 'frase_traduzida': TextBlob(""[31/07/2021 141941] rafaela vcs podem me comer na porrada
 [31/07/2021 141951] yanka lopes e eu vou
 [31/07/2‚Ä¶ ""), 'polaridade': 0.0, 'subjetividade': 0.0}"
17;"{'criterio_de_pesquisa': 'boxe', 'frase_original': TextBlob(""karate nata√ß√£o v√¥lei futsal (odiava capoeira muay thai boxe ""), 'frase_traduzida': TextBlob(""karate nata√ß√£o v√¥lei futsal (odiava capoeira muay thai boxe ""), 'polaridade': 0.0, 'subjetividade': 0.0}"
18;"{'criterio_de_pesquisa': 'boxe', 'frase_original': TextBlob(""essa madrugada tem boxe, v√¥lei de praia, luta ol√≠mpica, v√¥lei com a sele√ß√£o masculina, final de nata√ß√£o e muito mai‚Ä¶ ""), 'frase_traduzida': TextBlob(""essa madrugada tem boxe, v√¥lei de praia, luta ol√≠mpica, v√¥lei com a sele√ß√£o masculina, final de nata√ß√£o e muito mai‚Ä¶ ""), 'polaridade': 0.0, 'subjetividade': 1.0}"
19;"{'criterio_de_pesquisa': 'boxe', 'frase_original': TextBlob(""@jotamarquesrj nata√ß√£o 614 / 1821
bal√© 68 (odiava
capoeira 810
volei 1011
basquete 1214
boxe 1517 / 2‚Ä¶ ""), 'frase_traduzida': TextBlob(""@jotamarquesrj nata√ß√£o 614 / 1821
bal√© 68 (odiava
capoeira 810
volei 1011
basquete 1214
boxe 1517 / 2‚Ä¶ ""), 'polaridade': 0.0, 'subjetividade': 0.0}"
0;"{'criterio_de_pesquisa': 'fmu', 'frase_original': TextBlob(""@beahelen_ ai, amg, vai dar certo a fmu nos faz surtar todos os dias, mas logo enviam o surto do aluno, √© meio qu‚Ä¶ ""), 'frase_traduzida': TextBlob(""@beahelen_ ai, amg, vai dar certo a fmu nos faz surtar todos os dias, mas logo enviam o surto do aluno, √© meio qu‚Ä¶ ""), 'polaridade': 0.0, 'subjetividade': 0.0}"
1;"{'criterio_de_pesquisa': 'fmu', 'frase_original': TextBlob(""fmu, obrigado pelo √≥dio di√°rio""), 'frase_traduzida': TextBlob(""fmu, obrigado pelo √≥dio di√°rio""), 'polaridade': 0.0, 'subjetividade': 0.0}"
2;"{'criterio_de_pesquisa': 'fmu', 'frase_original': TextBlob(""as aulas s√≥ voltam na ter√ßa, mas a dona fmu, me faz passar raiva sem pausas, desde 20191!""), 'frase_traduzida': TextBlob(""as aulas s√≥ voltam na ter√ßa, mas a dona fmu, me faz passar raiva sem pausas, desde 20191!""), 'polaridade': 0.0, 'subjetividade': 0.0}"
3;"{'criterio_de_pesquisa': 'fmu', 'frase_original': TextBlob(""@maduardwa simmm,eu fiz matr√≠cula no come√ßo do m√™s na unip com desconto pq n√£o sabia se iria passar no prouni,as au‚Ä¶ ""), 'frase_traduzida': TextBlob(""@maduardwa simmm,eu fiz matr√≠cula no come√ßo do m√™s na unip com desconto pq n√£o sabia se iria passar no prouni,as au‚Ä¶ ""), 'polaridade': 0.0, 'subjetividade': 0.0}"
4;"{'criterio_de_pesquisa': 'fmu', 'frase_original': TextBlob(""fmu confirma minha documenta√ß√£o logooo, eu s√≥ quero botar ‚Äúbiomedicina üß¨‚Äù na minha bio do insta""), 'frase_traduzida': TextBlob(""fmu confirma minha documenta√ß√£o logooo, eu s√≥ quero botar ‚Äúbiomedicina üß¨‚Äù na minha bio do insta""), 'polaridade': 0.0, 'subjetividade': 0.0}"
5;"{'criterio_de_pesquisa': 'fmu', 'frase_original': TextBlob(""o z√© roberto j√° foi na fmu mas fiquei com vergonha de pedir pra tirar foto c ele""), 'frase_traduzida': TextBlob(""o z√© roberto j√° foi na fmu mas fiquei com vergonha de pedir pra tirar foto c ele""), 'polaridade': 0.0, 'subjetividade': 0.0}"
6;"{'criterio_de_pesquisa': 'fmu', 'frase_original': TextBlob(""@maduardwa @byz_nanda @ticiazzx a√≠ gente j√° fiquei sabendo de uma pessoa que eles enviaram resposta ü§° fmu pq q c√™ me odeia????????""), 'frase_traduzida': TextBlob(""@maduardwa @byz_nanda @ticiazzx a√≠ gente j√° fiquei sabendo de uma pessoa que eles enviaram resposta ü§° fmu pq q c√™ me odeia????????""), 'polaridade': 0.0, 'subjetividade': 0.0}"
7;"{'criterio_de_pesquisa': 'fmu', 'frase_original': TextBlob(""@maduardwa @byz_nanda @ticiazzx nada ainda pessu??????? kkkkkkkkkk fmu vc me paga""), 'frase_traduzida': TextBlob(""@maduardwa @byz_nanda @ticiazzx nada ainda pessu??????? kkkkkkkkkk fmu vc me paga""), 'polaridade': 0.0, 'subjetividade': 0.0}"
8;"{'criterio_de_pesquisa': 'fmu', 'frase_original': TextBlob(""passei pelo prouni e a fmu n√£o me mandou o termo para a matr√≠cula at√© agora,t√¥ preocupada""), 'frase_traduzida': TextBlob(""passei pelo prouni e a fmu n√£o me mandou o termo para a matr√≠cula at√© agora,t√¥ preocupada""), 'polaridade': 0.0, 'subjetividade': 0.0}"
9;"{'criterio_de_pesquisa': 'fmu', 'frase_original': TextBlob(""reclama da fmu quem n√£o conhece a uninove""), 'frase_traduzida': TextBlob(""reclama da fmu quem n√£o conhece a uninove""), 'polaridade': 0.0, 'subjetividade': 0.0}"
10;"{'criterio_de_pesquisa': 'fmu', 'frase_original': TextBlob(""esse blackboard que n√£o libera logo mds
al√¥, fmu! libera a mat√©ria logo pfvr""), 'frase_traduzida': TextBlob(""esse blackboard que n√£o libera logo mds
al√¥, fmu! libera a mat√©ria logo pfvr""), 'polaridade': 0.0, 'subjetividade': 0.0}"
11;"{'criterio_de_pesquisa': 'fmu', 'frase_original': TextBlob(""a fmu manda um email pedindo pra ativar o acesso ao portal do aluno, 5min mais tarde fala que o site vai ficar fora‚Ä¶ ""), 'frase_traduzida': TextBlob(""a fmu manda um email pedindo pra ativar o acesso ao portal do aluno, 5min mais tarde fala que o site vai ficar fora‚Ä¶ ""), 'polaridade': 0.0, 'subjetividade': 0.0}"
12;"{'criterio_de_pesquisa': 'fmu', 'frase_original': TextBlob(""@ahsbrasil a gente chegando na fmu @rafatv26""), 'frase_traduzida': TextBlob(""@ahsbrasil a gente chegando na fmu @rafatv26""), 'polaridade': 0.0, 'subjetividade': 0.0}"
13;"{'criterio_de_pesquisa': 'fmu', 'frase_original': TextBlob(""@poha_raf amg vc se livrou, ia ser igual a mim que queria a fmu at√© que falei com umas pessoas e todas falaram que‚Ä¶ ""), 'frase_traduzida': TextBlob(""@poha_raf amg vc se livrou, ia ser igual a mim que queria a fmu at√© que falei com umas pessoas e todas falaram que‚Ä¶ ""), 'polaridade': 0.0, 'subjetividade': 0.0}"
14;"{'criterio_de_pesquisa': 'fmu', 'frase_original': TextBlob(""parab√©ns p mim, a nova estudante da fmu""), 'frase_traduzida': TextBlob(""parab√©ns p mim, a nova estudante da fmu""), 'polaridade': 0.0, 'subjetividade': 0.0}"
15;"{'criterio_de_pesquisa': 'fmu', 'frase_original': TextBlob(""j√° √© o terceiro email que eu mando pra fmu s√≥ hoje kk""), 'frase_traduzida': TextBlob(""j√° √© o terceiro email que eu mando pra fmu s√≥ hoje kk""), 'polaridade': 0.0, 'subjetividade': 0.0}"
16;"{'criterio_de_pesquisa': 'fmu', 'frase_original': TextBlob(""caralho, administra√ß√£o da uninove consegue ser pior do que a da fmu‚Ä¶ nem sabia que tinha como""), 'frase_traduzida': TextBlob(""caralho, administra√ß√£o da uninove consegue ser pior do que a da fmu‚Ä¶ nem sabia que tinha como""), 'polaridade': 0.0, 'subjetividade': 0.0}"
17;"{'criterio_de_pesquisa': 'fmu', 'frase_original': TextBlob(""@maduardwa sim, estou pensando assim tbm apenas mega preocupada porque semana que vem vai ter a 2¬∞ chamadaüòï, mas a‚Ä¶ ""), 'frase_traduzida': TextBlob(""@maduardwa sim, estou pensando assim tbm apenas mega preocupada porque semana que vem vai ter a 2¬∞ chamadaüòï, mas a‚Ä¶ ""), 'polaridade': 0.0, 'subjetividade': 0.0}"
18;"{'criterio_de_pesquisa': 'fmu', 'frase_original': TextBlob(""tds as pessoas legais vao p fmu da liberdade q odiorrr""), 'frase_traduzida': TextBlob(""tds as pessoas legais vao p fmu da liberdade q odiorrr""), 'polaridade': 0.0, 'subjetividade': 0.0}"
19;"{'criterio_de_pesquisa': 'fmu', 'frase_original': TextBlob(""t√¥ toda confusa com esse portal do aluno da fmu""), 'frase_traduzida': TextBlob(""t√¥ toda confusa com esse portal do aluno da fmu""), 'polaridade': 0.0, 'subjetividade': 0.0}"
