;text
0;@juliette KAJDJDKAKAKAKA JULIETTE MULHER TU GOSTA DE UNS B.O N√â, MAS ENFIM CHAMA A FADINHA PRA TE ENSINAR A ANDAR D‚Ä¶ https://t.co/fmsuoxHtDF
1;"Na centauro e j√° vi um monte de crian√ßas e pais/m√£es atr√°s de um skate, incluindo minha irm√£ 
T√° feliz fadinha??? Pq eu t√¥"
2;indo andar skate completamente influenciada pela fadinha e a bufoni, volto mais tarde con 3 ossos quebrados üòù
3;Gostei de um v√≠deo no YouTube: Rayssa Leal - prata no Street em T√≥quio (coletiva do COB) https://t.co/YOGhBGZ7Iz‚Ä¶ https://t.co/kGSvuhrM2D
4;vou dar um skate pra essa menina ja temos nossa proxima fadinha https://t.co/mhw5EdfX5t
5;O Band Esporte Clube mostrou que a medalha de prata da Rayssa Leal, a nossa fadinha, inspirou novas crian√ßas para e‚Ä¶ https://t.co/HHIzLKdqrF
6;@Freirejuli_ Imperatriz-Maranhao a cidade da fadinha do skate, rayssa
7;parabens fadinha agora eu quero andar d skate
8;"@arbindobardo Fausto Macedo: (4 min) ‚ÄòFadinha do Skate‚Äô: quem tem direito ao nome? https://t.co/3g9bKHNvNe &lt;&lt;-- lin‚Ä¶ https://t.co/8C2FczvKVu"
9;Natascha Bar√£o: quem tem direito ao nome 'Fadinha do Skate'? https://t.co/0MqolTDJ0S
10;"Vcs sabiam na verdade que a fadinha do skate √© uma grande f√£ do filme ""√© fada!"" da K√©fera?"
11;Rayssa leal, de 13 anos, fez hist√≥ria e se tornou a medalhista mais jovem do Brasil. Conhecida como fadinha, ela fi‚Ä¶ https://t.co/LqfQzZNKXA
12;Heytor ficou apaixonado na fadinha Rayssa e ta aqui me pedindo um skate üòçüòçü§£
13;"1) rayssa leal, a fadinha do skate

pra come√ßar com a perfeita da rayssa, por ela ser mais novinha, com certeza rec‚Ä¶ https://t.co/GObLFEAsab"
14;"@CultWolverine Fadinha do Skate Corinthiana
Shen Corinthiano"
15;Efeito fadinha do skate https://t.co/UNmxOmIUtT
16;@rataborralheira @Aaandrefelipe23 @sioffi @carolmarconi mano , mas o skate come√ßou a ter p√∫blico, patroc√≠nio por ag‚Ä¶ https://t.co/4egsrhgies
17;Netshoes aumentou as vendas de artigos de skate em 80% ap√≥s Fadinha fazer o Brasil se emocionar!
18;fui andar de skate ontem, me senti a pr√≥pria fadinha
19;Sempre descriminaram a cultura do skate, foi s√≥ a fadinha ganhar, come√ßaram a pagar pau, ela foi mais que certa em‚Ä¶ https://t.co/2W8n8NLsMK
